teaviku_laad,sihtrühm,pealkiri,autor,originaal_pealkiri,Žanr,tõlkija,lähtekeel,lähtekirjandus,toimetaja,ees__järelsõna_autor,ilmumiskoht,kirjastaja,ilmumisaasta,füüsiline_kirjeldus,trükikordus,sarjaandmed,arvustatava_tõlkeraamatu_autor,väljaanne,number_leheküljed,sisu,märkused,id
"Perioodikas ilmunud tõlge","Täiskasvanute ilukirjandus","Mary Baker-Eddy","Zweig, Stefan 1881-1942","Mary Baker-Eddy",jutustused,"Kross, Jaan 1920-2007",saksa,austria,,,,,19751976,,,,,"<p>Kultuur ja Elu</p>","nr 9, lk 46-54; nr 10, lk 23-29; nr 11, lk 22-28; nr 12, lk 25-34; nr 1, lk 26-29, 32-36; nr 2, lk 26-32; nr 3, lk 33-39",,,80301
"Perioodikas ilmunud tõlge","Täiskasvanute ilukirjandus","Kadunud kullalaev","Zobeltitz, Hanns von 1853-1918",teadmata,romaanid,"Tiedemann, Johannes",saksa,saksa,,,,,19071908,,,,,"<p>Koit : Kirjandusline lisa</p>","nr 75, lk 321-322 - nr 98, lk 413-416; 1908: nr 2, lk 6-8 - nr 4, lk 15-16",,"Väljaandes: Hanns v. Zobeltitzi järele J. Tiedemann",34497
"Perioodikas ilmunud tõlge","Laste- ja noortekirjandus",Hernehirmutis,"Železnikov, Vladimir 1925-2015",teadmata,jutustused,"Maksing, Meta",vene,vene,,,,,19831984,,,,,<p>Pioneer</p>,"nr 9, lk 34-36; nr 10, lk 35-36; nr 11, lk 34-36; nr 12, lk 34-36; nr 1, lk 34-35; nr 2, lk 33-35; nr 3, lk 34-35; nr 4, lk 34-35; nr 5, lk 33-35; nr 6, lk 27-29; nr 7, lk 33-35; nr 8, lk 33-35; nr 9, lk 33-35; nr 10, lk 33-35",,,73862
"Perioodikas ilmunud tõlge","Laste- ja noortekirjandus",Hernehirmutis,"Železnikov, Vladimir 1925-2015",teadmata,jutustused,"Maksing, Meta",vene,vene,,,,,19831984,,,,,<p>Pioneer</p>,"nr 9, lk 34-36; nr 10, lk 35-36; nr 11, lk 34-36; nr 12, lk 34-36; nr 1, lk 34-35; nr 2, lk 33-35; nr 3, lk 34-35; nr 4, lk 34-35; nr 5, lk 33-35; nr 6, lk 27-29; nr 7, lk 33-35; nr 8, lk 33-35; nr 9, lk 33-35; nr 10, lk 33-35",,,76696
"Perioodikas ilmunud tõlge","Täiskasvanute ilukirjandus",Eksmeister,"Zeleranski, Nisson 1915-1976; Leonova, Galina 1946-2024",Экс-чемпион ,jutustused,teadmata,vene,vene,,,,,19861987,,,,,"<p>Harju Elu</p>","16., 18., 20., 23., 25., 27. dets.; 6., 10., ,15., 20., 24., 27., 29., 31. jaan.; 3., 5., 7., 10., 12., 19., 21., 24., 26., 28. veebr.; 3., 10., 17., 19., 21., 28. märts; 2., 4., 7., 9., 14., 16., 18., 21., 23., 25., 28., 30. apr.",,,73083
"Perioodikas ilmunud tõlge","Täiskasvanute ilukirjandus",Eksmeister,"Zeleranski, Nisson 1915-1976; Leonova, Galina 1946-2024",Экс-чемпион ,jutustused,teadmata,vene,vene,,,,,19861987,,,,,"<p>Harju Elu</p>","16., 18., 20., 23., 25., 27. dets.; 6., 10., ,15., 20., 24., 27., 29., 31. jaan.; 3., 5., 7., 10., 12., 19., 21., 24., 26., 28. veebr.; 3., 10., 17., 19., 21., 28. märts; 2., 4., 7., 9., 14., 16., 18., 21., 23., 25., 28., 30. apr.",,,75920
"Perioodikas ilmunud tõlge","Täiskasvanute ilukirjandus","Suure Pta paradoks","Žarenov, Anatoli 1922-1975",teadmata,romaanid,teadmata,vene,vene,,,,,19711972,,,,,"<p>Leninlik Lipp</p>","8.-10., 14.-18., 21.-24., 28.-30 sept.; 1.-2., 5.-8., 12.-15., 19.-23., 26.-29. okt.; 3., 6., 10., 17., 20., 24. nov.; 1.-4., 7.-10., 14.-17., 21.-23., 28.-30. dets.; 1., 4.-8., 11.-14, 18.-21., 25.-26. jaan.",,,82965
"Perioodikas ilmunud tõlge","Täiskasvanute ilukirjandus","Sir Henry nähtav looming","Wotton, Henry",teadmata,aforismid,teadmata,inglise,inglise,,,,,19851986,,,,,"<p>Põllumajanduse Akadeemia</p>","26., dets., 9. jaan.",,"Märkus autori kohta",73339
"Perioodikas ilmunud tõlge","Täiskasvanute ilukirjandus","Sir Henry nähtav looming","Wotton, Henry",teadmata,aforismid,teadmata,inglise,inglise,,,,,19851986,,,,,"<p>Põllumajanduse Akadeemia</p>","26., dets., 9. jaan.",,"Märkusega autori kohta",76175
Tõlkeraamat,"Täiskasvanute ilukirjandus","Printsess Arnulfi armastus ja elu","Wohlbrück, Olga 1867-1933",teadmata,romaanid,teadmata,saksa,"saksa; austria",,,Tallinn,Uudisleht,19371938,"200 lk.",,,,,,,"Ajalehe joonealune: Uudisleht, 1937-1938",57475
"Perioodikas ilmunud tõlge","Täiskasvanute ilukirjandus","Lihtsalt armastus","Wasilewska, Wanda 1905-1964","Просто любовь",jutustused,teadmata,vene,"poola; ukraina",,,,,19461947,,,,,<p>Õhtuleht</p>,"1. sept., nr 205, lk 4;",,"4. sept., nr 206, lk 3; 6. sept., nr 208, lk 3; 9. sept., nr 210, lk 3; 11. sept., nr 212, lk 3; 13. sept., nr 214, lk 3; 18. sept., nr 218, lk 3; 20. sept., nr 220, lk 3; 23. sept., nr 222, lk 3; 27. sept., nr 226, lk 3; 30. sept., nr 228, lk 3; 2. okt.,",72260
Tõlkeraamat,"Täiskasvanute ilukirjandus","Käed üles! : [kriminaalromaan]","Wallace, Edgar 1875-1932",teadmata,romaanid,"H. J.",inglise,inglise,,,Tallinn,Raamat,19301931,"6 annet (196 lk.)",,"Kriminaalromaanid, nr. 1",,,,,"Raamatus: tõlkinud autori loaga H. J.; ilmunud ka ühes köites",44459
"Perioodikas ilmunud tõlge","Täiskasvanute ilukirjandus","Tähelepanu!... Teetulp!","Wagner-Stürmer, W.",teadmata,jutud,teadmata,teadmata,teadmata,,,,,19029,,,,,<p>Kodu</p>,"nr 1, lk 18-19",,,63899
"Perioodikas ilmunud tõlge","Täiskasvanute ilukirjandus","Komissari öö","Vutšetitš, Viktor 1935-2011",teadmata,jutustused,teadmata,vene,vene,,,,,19771978,,,,,"<p>Nõukogude Hiiumaa</p>","17., 20., 22., 24., 27., 29. sept.; 1., 4., 6., 8., 11., 13., 18., 20., 22., 27., 29. okt.; 4., 6., 8., 11., 13., 18., 20., 22., 27., 29. okt.; nov.; 20., 22., 24., 27., 29. dets.; 3., 5., 7., 10., 12., 14., 17., 19., 21., 24., 28., 31. jaan.",,"Ajakirja Вокруг света lisast Искатель",78704
Tõlkeraamat,"Täiskasvanute ilukirjandus","Itaalia röövlipääliku Rinaldo Rinaldini seiklused : [romaan]","Vulpius, Christian August 1762-1827","Rinaldo Rinaldini, der Räuberhauptmann",romaanid,teadmata,saksa,saksa,,,Tartu,Rada,19381939,"46 annet (723 lk.)",,,,,,,"Kaanepealkiri: Rinaldo Rinaldini, alates 6. andest: Röövlipealik Rinaldo Rinaldiini",57796
"Perioodikas ilmunud tõlge","Laste- ja noortekirjandus","Lugu savikukkedest","Vassilenko, Ivan 1895-1966",teadmata,jutustused,teadmata,vene,vene,,,,,19501951,,,,,<p>Säde</p>,"15. juuni, nr 24, lk 4 - 29. juuni, nr 26, lk 4; 20. juuli, nr 29, lk 4; 3. aug., nr 31, lk 4; 17. aug., nr 33, lk 4 - 31. aug., nr 35, lk 4; 14. sept., nr 37, lk 4 - 21. sept., nr 38, lk 4; 5. okt., nr 40, lk 4; 26. okt., nr 43, lk 4; 10. nov., nr 45, lk",,,79718
"Perioodikas ilmunud tõlge","Täiskasvanute ilukirjandus","Kohtumispaika ei saa muuta","Vainer, Arkadi 1931-2005; Vainer, Georgi 1938-2009","Место встречи изменить нельзя",romaanid,"Odar, I.",vene,vene,,,,,19751976,,,,,"<p>Leninlik Lipp</p>","23.-25., 28.-31. okt.; 1., 4.-7., 11.-15., 18.-19., 21. 22., 25. 29. nov.; 2.-5, 9, 11.-13, 16.-19, 23.-27, 30. dets.; 1., 5..10., 13.-17., 20.-24., 27.-31. jaan.; 3.-7., 10., 12.-14., 17.-20., 25.-28. veebr.; , 2.-5., 10.-13., 16.-18., 23.-25. märts",,"Pealkirja ees autor: Vennad Vainerid. Ajakirjast Смена",80274
Tõlkeraamat,"Laste- ja noortekirjandus","Kuningate võsu","Treller, Franz 1843-1908","Der Enkel der Könige",jutustused,"Sander, Jursi 1890-1942",saksa,saksa,"Sander, Jursi 1890-1942",,Tallinn,"Tallinna Eesti Kirjastus-Ühisus",19251926,"227, [1] lk.",,,,,,,"Raamatus: noorsoole toimetanud Jursi Sander; Jursi Sander, ps = Victor Neggo. Juurdetrükk? 1926",57780
"Perioodikas ilmunud tõlge","Täiskasvanute ilukirjandus","Põrgu ärahävitamine ja uuesti ülesehitamine","Tolstoi, Lev 1828-1910","Разрушение ада и восстановление его",jutud,"Käger, Hans 1872-1940",vene,vene,,,,,19061907,,,,,"<p>Kodumaa ja Maa kirjandusline lisa</p>","1906/1907, nr 1; 1907, nr 2-4",,,32722
"Perioodikas ilmunud tõlge","Täiskasvanute ilukirjandus","Tapmise kunst une läbi",teadmata,teadmata,jutud,"Franzdorf, Tõnu 1862-1940",teadmata,ameerika,,,,,19071908,,,,,"<p>Kaja : politikaline, majandusline ja kirjandusline ajaleht</p>","31. dets., nr 1, lk 3 - 1908, 10. juuni., nr 5",,"Väljaandes . Ameerika salapolitseiniku Natus Pinkerton ehk Sherlok Holmes'e päevaraamat. Eesti keelde M. J. Franzdorf [pseud = Tõnu Franzdorf]",33377
Tõlkeraamat,"Täiskasvanute ilukirjandus","Läbi piksepilvede Claudia juure!",teadmata,teadmata,romaanid,"L. K.",saksa,saksa,,,Kuressaare,"Meie Maa",19361937,"172 lk.",,,,,,,"Väljaandes: saksa keelest L. K. Ajalehe joonealune : Meie Maa 1936-1937",57273
"Perioodikas ilmunud tõlge","Laste- ja noortekirjandus","Mitridati jalamil","Suvorina, Jekaterina","У горы Митридат",jutustused,"Jaaksoo, Andres 1945-2021",vene,vene,,,,,19721973,,,,,<p>Säde</p>,"29. nov.; 2., 7., 13., 16., 20., 27. dets.; 3., 6., 10., 17., 24., 31. jaan.; 7., 14., 17., 21., 28. veebr.; 7., 14., 21., 28. märts; 4., 11., 14. apr.",,,82234
"Perioodikas ilmunud tõlge","Laste- ja noortekirjandus","Põrnikas sipelgapesas","Strugatski, Arkadi 1925-1991; Strugatski, Boriss 1933-2012",teadmata,jutustused,teadmata,vene,vene,,,,,19851986,,,,,<p>Pioneer</p>,"nr 9, lk 32-34; nr 10, lk 32-34; nr 11, lk 32-34; nr 12, lk 32-34; nr 1, lk 32-33; nr 2, lk 32-34; nr 3, lk 32-33; nr 4, lk 32-33; nr 5, lk 32-33; nr 6, lk 30-32; nr 7, lk 30-32; nr 8, lk 32-34; nr 9, lk 34-35",,,73344
"Perioodikas ilmunud tõlge","Laste- ja noortekirjandus","Põrnikas sipelgapesas","Strugatski, Arkadi 1925-1991; Strugatski, Boriss 1933-2012",teadmata,jutustused,teadmata,vene,vene,,,,,19851986,,,,,<p>Pioneer</p>,"nr 9, lk 32-34; nr 10, lk 32-34; nr 11, lk 32-34; nr 12, lk 32-34; nr 1, lk 32-33; nr 2, lk 32-34; nr 3, lk 32-33; nr 4, lk 32-33; nr 5, lk 32-33; nr 6, lk 30-32; nr 7, lk 30-32; nr 8, lk 32-34; nr 9, lk 34-35",,,76180
"Perioodikas ilmunud tõlge","Laste- ja noortekirjandus","Asustatud saar","Strugatski, Arkadi 1925-1991; Strugatski, Boriss 1933-2012",teadmata,jutustused,teadmata,vene,vene,,,,,19801981,,,,,<p>Pioneer</p>,"nr 1, lk 32-35; nr 2; nr 3, lk 33-35; nr 4, lk 40-43; nr 5, lk 26-27; nr 6, lk 32-35; nr 7, lk 32-35; nr 8, lk 32-35; nr 9, lk 32-35; nr 10, lk 30-33; nr 11, lk 32-34; nr 12, lk 34-35; nr 1, lk 34-35",,,77702
"Perioodikas ilmunud tõlge","Täiskasvanute ilukirjandus","Mõrv muuseas","Steinberg, Werner 1913-1992",teadmata,jutustused,teadmata,saksa,saksa,,,,,19731974,,,,,"<p>Töörahva Lipp</p>","17., 19., 21., 24., 26., 28., 31. juuli; 2., 4., 7., 9., 14., 16., 18., 21., 23., 25., 28., 30. aug.; 1., 4, 6., 8., 11., 13., 15., 18., 20., 22., 25, 27, 29. sept.; 2., 6., 9., 11, 13., 16., 18., 20., 23., 25., 27., 30. okt.; 1., 3., 6., 13., 15., 17., 2",,"Väljaandest Roman-Zeitung, nr 253",81497
"Perioodikas ilmunud tõlge","Täiskasvanute ilukirjandus","Zenta Saukoma süüasi","Steiga, Miermīlis 1927-2021; Volfs, Lazars",teadmata,jutustused,teadmata,teadmata,läti,,,,,19741975,,,,,<p>Koit</p>,"24., 26., 28. sept; 1., 3., 5., 8., 10., 12., 15., 17., 19., 22, 24., 26., 29., 31. okt.; 2., 5., 7., 12., 14., 16., 19., 21., 23.. 26., 28., 30. nov.; 3., 5., 9., 12., 14., 17., 19., 21., 24., 26., 28., 31. dets.; 4., 7., 9., 11., 14., 16., 18., 21., 23.",,,80807
"Perioodikas ilmunud tõlge","Laste- ja noortekirjandus","Keemiaõpetaja avastus","Sotnik, Juri 1914-1997",teadmata,jutustused,"Maksing, Meta",vene,vene,,,,,19791980,,,,,<p>Säde</p>,"18., 21., 25., 28. juuni; 7. , 11., 18., 21., 25., 28. juuli; 4., 11. , 15., 18., 25., 29, aug.; 1., 5., 8., 12., 19., 22., 26. sept.; 3., 6., 10., 13., 20., 24., 27., 31. okt.; 3., 14., 21., 24. nov.; 1., 5., 8., 15., 19., 22. dets.; 9., 12., 16., 23., 2",,,78028
"Perioodikas ilmunud tõlge","Täiskasvanute ilukirjandus","Sissetungijad planeedilt Maa","Silberberg, Robert 1935-",teadmata,romaanid,"Lään, Vello 1937-2022",inglise,ameerika,,,,,19711972,,,,,"<p>Põllumajanduse Akadeemia</p>","17., 25. nov.; 9., 16., 28. dets.; 6., 13., 20., 27. jaan.; 9., 17., 24. veebr.; 6., 16., 30. märts",,,83008
Tõlkeraamat,"Täiskasvanute ilukirjandus","Ristirüütlid : [romaan]","Sienkiewicz, Henryk 1846-1916",Krzyzacy,romaanid,"Skomorowska, Lydia 1897-1991",poola,poola,,"Kaplinski, Jerzy 1901-1943",Tartu,Loodus,19361937,"2 kd. (400, 448 lk.)",,"Nobeli laureaadid",,,,,"Väljaandes: poola keelest tõlkinud L. Skomorovska",57790
"Perioodikas ilmunud tõlge","Täiskasvanute ilukirjandus","Kuldne kett","Sibirtsev, Ivan 1924-1986","Золотая цепочка",romaanid,"Taavet, E.",vene,vene,,,,,19811982,,,,,"<p>Leninlik Lipp</p>","8.-12., 15.-16., 18.-19., 22., 24., 26., 29.-30. sept.; 1.-3., 6.-7., 9.-10., 13.-16., 20.-23., 27.-31. okt.; 3-5., 10.-14., 17., 19.-21., 24.-28. nov.; , 1.5., 8.,11.-12., 15.-18., 22.-25. dets.; 5.-9., 12.-13., 15.-16., 19.-20., 23., 26.-29. jaan.; 2.-6",,"Ajakirjast Советская милийция",77371
"Perioodikas ilmunud tõlge","Täiskasvanute ilukirjandus","Üksi kõikide vastu","Šestakov, Pavel 1932-2000","Игра против всех",jutustused,"Liiv, J.",vene,vene,,,,,19721973,,,,,"<p>Harju Elu</p>","16., 19., 21., 26., 28., 30. sept.; 3., 5., 7., 10., 12., 17., 24., 26., 31. okt.; 2., 4., 9., 11., 16., 18., 21., 23., 28. nov.; 2., 7., 12., 16., 19., 21., 23., 26. dets.; 1., 4., 6., 9., 11., 13., 16., 20., 23., 25., 27. jaan.; 1., 3., 6., 8., 10., 13.",,,82190
"Perioodikas ilmunud tõlge","Täiskasvanute ilukirjandus",Pressikeskus,"Semjonov, Julian 1931-1993",teadmata,romaanid,"Matt, Peeter",vene,vene,,,,,19841985,,,,,<p>Õhtuleht</p>,"22.-23., 26.-30. nov.; 1., 3.-7., 11.-15., 17.-19., 25.-26., 28.-29. dets.; 3.-5., 7.-8., 10., 12., 14.-19., 21.-26., 28.-31. jaan.; 1., 4.-9., 11.-16., 18., 20., 22., 26.-27. veebr.; 3- 6., 13.-14., 16., 18., 20.-23., 25.-30. märts; 1.-6., 8.-13., 15.-1",,"Ajakirjast Дружба народов",73578
"Perioodikas ilmunud tõlge","Täiskasvanute ilukirjandus",Pressikeskus,"Semjonov, Julian 1931-1993",teadmata,romaanid,"Matt, Peeter",vene,vene,,,,,19841985,,,,,<p>Õhtuleht</p>,"22.-23., 26.-30. nov.; 1., 3.-7., 11.-15., 17.-19., 25.-26., 28.-29. dets.; 3.-5., 7.-8., 10., 12., 14.-19., 21.-26., 28.-31. jaan.; 1., 4.-9., 11.-16., 18., 20., 22., 26.-27. veebr.; 3- 6., 13.-14., 16., 18., 20.-23., 25.-30. märts; 1.-6., 8.-13., 15.-1",,"Ajakirjast Дружба народов",76414
"Perioodikas ilmunud tõlge","Täiskasvanute ilukirjandus",Alternatiiv,"Semjonov, Julian 1931-1993",Альтернатива,jutustused,"Huik, Toomas 1931-2020",vene,vene,,,,,19751976,,,,,"<p>Noorte Hääl</p>","14.-16., 18.-21., 23., 25.-30. nov.; 2.-5., 7., 9.-14, 16.-24, 23.-28, 30.-31. dets.; 1.,.4., 6.-11., 13.-17., 20.-24., 27.-31. jaan.; 3.-7., 10.-13. veebr.",,"Ajakirjast Дружба народов",80269
"Perioodikas ilmunud tõlge","Täiskasvanute ilukirjandus","Seitseteist kevadist hetke","Semjonov, Julian 1931-1993","Семнадцать мгновений весны",romaanid,"Huik, Toomas 1931-2020",vene,vene,,,,,19711972,,,,,"<p>Noorte Hääl</p>","5., 7.-12., 14.-17., 19., 21.-26., 28.-31. dets.; 1., 4.-9 , 11.-16, 18.-23., 25.-30. jaan.; 1.-6., 8.-13., 15.-20., 22.-27., 29. veebr.; 1. märts",,"Ajakirjast Крокодил",82961
Tõlkeraamat,"Täiskasvanute ilukirjandus","Seikluste knock-out : olevikuromaan","Schwerin, Otto 1890-1936",teadmata,romaanid,teadmata,saksa,saksa,,,Tallinn,Uudisleht,19351936,"88 lk.",,,,,,,"Uudislehe"" romaan",57280
"Perioodikas ilmunud tõlge","Laste- ja noortekirjandus","Vana pealiku saladus","Sat-Okh 1920-2003; Rassulova, Antonina","Тайна старого Сагаморы",jutustused,teadmata,vene,"vene; poola",,,,,19891990,,,,,<p>Säde</p>,"5., 9., 12., 16., 19., 23., 26., 30. aug.; 14., 17., 21., 24., 28., 31. märts.; 5., 9., 12., 16., 19., 23,, 26., 30. aug.; 6., 9., 13., 16., 20,. 23., 27., 30 sept.; 4., 7., 11., 14., 18., 21., 25., 28. okt.; 1., 4., 11., 15., 18., 25.nov.",,,72490
"Perioodikas ilmunud tõlge","Laste- ja noortekirjandus","Vana pealiku saladus","Sat-Okh 1920-2003; Rassulova, Antonina","Тайна старого Сагаморы",jutustused,teadmata,vene,"vene; poola",,,,,19891990,,,,,<p>Säde</p>,"5., 9., 12., 16., 19., 23., 26., 30. aug.; 14., 17., 21., 24., 28., 31. märts.; 5., 9., 12., 16., 19., 23., 26., 30. aug.; 6., 9., 13., 16., 20., 23., 27., 30 sept.; 4., 7., 11., 14., 18., 21., 25., 28. okt.; 1., 4., 11., 15., 18., 25. nov.",,,75331
"Perioodikas ilmunud tõlge","Laste- ja noortekirjandus","Heinakuhi; Hõbekõri; Roosa põõsas","Russakov, Jevdokim 1924-2001",teadmata,humoreskid,"Pesti, Arvo 1956-2010",vene,vene,,,,,19801981,,,,,<p>Pioneer</p>,"nr 12, lk 11",,,77701
Tõlkeraamat,"Täiskasvanute ilukirjandus","Varjatud armastus","Rothberg, Gert 1889-?",teadmata,romaanid,teadmata,teadmata,teadmata,,,Tallinn,Uudisleht,19371938,"98 lk.",,,,,,,"Ajalehe joonealune: Uudisleht, 1937-1938",57477
Tõlkeraamat,"Täiskasvanute ilukirjandus","Jean-Christophe : [romaan]","Rolland, Romain 1866-1944","Jean Christophe",romaanid,"Raag, Peeter; Kurfeldt, Aita 1901-1979; Sillaots, Marta 1887-1969; Pomm, Valentin 1905-1972; Pärna, Marta 1867-1939",prantsuse,prantsuse,,"Aspel, Aleksander 1908-1975",Tartu,Loodus,19361937,"4 kd. (488, 584, 448, 360 lk.)",,"Nobeli laureaadid",,,,,"Tõlkijad: 1. kd. P. Raag, J. Kurfeldt, 2. ja 4. kd. M. Sillaots, 3. kd. V. Pomm, M. Pärna. Raamatus tõlkija nimi J.Kurfeldt, Justa = Aita (sündinud Auguste Therese Kurfeldt). Marta Sillaots, ps = Marta Rannat (sünd. Reichenbach, abielludes Gerland, e",57788
Tõlkeraamat,"Täiskasvanute ilukirjandus","Heinrich Anton Leichtweis : julge rööwel ja salakütt : [romaan]","Röder, W. A.","Heinrich Anton Leichtweis, der verwegene Räuber und Wilddieb, oder, Dreizehn Jahre Liebe und Treue im Felsengrab",romaanid,teadmata,saksa,saksa,,,Tartu,Rada,19381939,"79 annet (1259, [1] lk.)",,,,,,,,57795
Tõlkeraamat,"Täiskasvanute ilukirjandus","Rozsa Sandor : mustlaste kuningas ja puzta kangelane : romaan Ungari minevikust","Röder, W. A.","Rozsa Sandor, der Zigeunerkönig und Pustaheld",romaanid,teadmata,saksa,saksa,,,Tartu,Rada,19391940,"19 annet (295, [4] lk.)",,,,,,,,57799
"Perioodikas ilmunud tõlge","Laste- ja noortekirjandus","Mis juhtus viie lapse ja koeraga","Reggiani, Renée 1925-2019","Avventure di cinque ragazzi e un cane Cappelli",jutustused,"Villandi, Valeeria 1924-2021",vene,itaalia,,,,,19741975,,,,,<p>Säde</p>,"3., 7., 14., 21., 28., 31. aug.; 7., 11., 21., 25. sept.; 2., 9, 16., 19., 23., 26., 30. okt.; 12., 16., 20., 30. nov.; 11., 18., 25., 28. dets.; 4., 8., 15., 22., 29. jaan.; 5., 12., 19. veebr.",,,80835
"Perioodikas ilmunud tõlge","Täiskasvanute ilukirjandus","Ring täis","Ras, Anatoli",teadmata,humoreskid,teadmata,vene,vene,,,,,19841985,,,,,"<p>Leninlik Lipp</p>","19. jaan.",,,73577
"Perioodikas ilmunud tõlge","Täiskasvanute ilukirjandus","Ring täis","Ras, Anatoli",teadmata,humoreskid,teadmata,vene,vene,,,,,19841985,,,,,"<p>Leninlik Lipp</p>","19. jaan.",,,76413
"Kogumikus ilmunud tõlge","Täiskasvanute ilukirjandus","Põhja tähtede all","Raine, William MacLeod 1871-1954","Under Northern stars",jutud,teadmata,inglise,ameerika,,,Tallinn,"J. Loosalu",19351936,,,"Väike raamatukogu ""Uudisjutud"", nr. 36-49",,,,,,45069
"Perioodikas ilmunud tõlge","Laste- ja noortekirjandus","Neli tankisti ja koer","Przymanowski, Janusz 1922-1998","Czterej pancerni i pies",jutustused,"Kurtna, Aleksander 1914-1983",poola,poola,,,,,19711972,,,,,<p>Säde</p>,"4., 8., 15., 18., 22., 29. sept.; 2., 6., 9., 13., 20., 23., 27., 30. okt.; 3., 6., 10., 17., 20., 24. nov.; 1., 4., 8., 15., 18., 22., 25., 29. dets.; 5., 8., 12., 19., 20., 26. jaan.; 2., 5., 9., 16., 19., 23. veebr.; 1., 8., 15., 18., 22., 29. märts; ",,,83026
"Perioodikas ilmunud tõlge","Täiskasvanute ilukirjandus","Operatsioon ""Fööniks","Prudnikov, Mihhail 1913-1995","Операция ""Феникс",jutustused,"Kuum, Väino",vene,vene,,,,,19751976,,,,,"<p>Rahva Hääl</p>","23.-26., 28.-31. okt.; 2., 4.-5., 7., 11.-14.. 16., 18.-23., 25.-30. nov.; 2., 4.-5., 7., 9.-11., 13.-14., 16.-19., 21., 23.-28., 30.-31. dets.; 1., 4., 6.-11., 13.-18., 20.-25., 27., 29. jaan.; 1., 3.-8., 10.-15. veebr.",,,80264
"Perioodikas ilmunud tõlge","Täiskasvanute ilukirjandus","Armastuse ohvrid : Roman 3 jaos","Ponomarjov, Ivan 1844-1904","Жертвы любви",romaanid,J.,vene,vene,,,,,19091910,,,,,<p>Hääl</p>,"nr 55-96, 1910 nr 1-10",,"Väljaandes: N. J. Ponomarevi järele J.",46401
"Perioodikas ilmunud tõlge","Täiskasvanute ilukirjandus",Hipp-hopp,"Poe, Edgar Allan 1809-1849",teadmata,jutustused,"Kvell, Kalevi 1963-2016",inglise,ameerika,,,,,19831984,,,,,"<p>Põllumajanduse Akadeemia</p>","15., 27. dets.; 5. jaan.",,,73853
"Perioodikas ilmunud tõlge","Täiskasvanute ilukirjandus",Hipp-hopp,"Poe, Edgar Allan 1809-1849",teadmata,jutustused,"Kvell, Kalevi 1963-2016",inglise,ameerika,,,,,19831984,,,,,"<p>Põllumajanduse Akadeemia</p>","15., 27. dets.; 5. jaan.",,,76687
"Perioodikas ilmunud tõlge","Täiskasvanute ilukirjandus",Salarinne,"Perventsev, Arkadi 1905-1981","Секретный фронт",romaanid,"Huik, Toomas 1931-2020",vene,vene,,,,,19741975,,,,,"<p>Noorte Hääl</p>","27.-30. nov.; 1., 3.-8., 10.-15., 17.-22., 24.-29., 31. dets.; 1., 3.-12., 14.-19., 21.-26., 28.-31. jaan.; 1.-2, 4.-9., 11. veebr.",,,80787
"Perioodikas ilmunud tõlge","Laste- ja noortekirjandus","Stepi päike","Pavlenko, Pjotr 1899-1951","Степное солнце",jutustused,"Puskar, Kaarel 1892-1983",vene,vene,,,,,19501951,,,,,<p>Pioneer</p>,"nr 8, lk 250-252 - nr 12, lk 377-379; 1951, nr 1, lk 22-24 - nr 3, lk 22-23",,,79704
"Perioodikas ilmunud tõlge","Täiskasvanute ilukirjandus","Kuidas karastus teras","Ostrovski, Nikolai 1904-1936","Как закалялась сталь",romaanid,teadmata,vene,vene,,,,,19401941,,,,,"<p>Saarte Hääl</p>","2. sept. - 30. dets.; 1941, 3. jaan., nr 1, lk 2 - 8. jaan., nr 4, lk 2, 11. jaan., nr 6, lk 2 - 18. jaan., nr 10, lk 2, 24. jaan., nr 12, lk 2 - 29. jaan., nr 15, lk 2, 1. veebr., nr 17, lk 2 - 14. veebr., nr 24, lk 2, 17. veebr., nr 26, lk 2, 24. veebr.",,"Algus ajalehes Meie Maa 2. sept., nr 133 - 30. sept., nr 149",54610
"Perioodikas ilmunud tõlge","Täiskasvanute ilukirjandus","Kuidas karastus teras","Ostrovski, Nikolai 1904-1936","Как закалялась сталь",romaanid,teadmata,vene,vene,,,,,19401941,,,,,"<p>Narva Tööline</p>","20. sept. - 31. dets.; 1941, 2. jaan., nr 1, lk 2 - 9. jaan., nr 4, lk 2, 14. jaan., nr 7, lk 2, 18. jaan., nr 9, lk 2",,"1. osa lõpp",54611
"Perioodikas ilmunud tõlge","Täiskasvanute ilukirjandus","Valge daame : Roman Hohenzollernite elust [Valge daam]","Noussane, Henry de 1865-1936","La Dame de Potsdam",romaanid,"Jaks, Johan 1867-1917",teadmata,prantsuse,,,,,19151916,,,,,<p>Uusleht</p>,"nr 291-298; 1916, nr 1-71, 73-103",,"Väljaandes: De Noussan'i järele Joh. Jaks",71197
Tõlkeraamat,"Täiskasvanute ilukirjandus","Kroonitud timukad ehk Suure Europa Sõja saladused : Ajalooline roman kolmes jaos","Neradov, J","Коронованные палачи, или, Тайны Великой Европейской войны",romaanid,"Lind, J.",vene,vene,,,Valga,"J. Kurg",19141915,"299 lk",,,,,,,"Raamatus: J. Neradowi järele wenekeelest J. Lind. [Ilmunud annetena 1-22]",84146
"Perioodikas ilmunud tõlge","Laste- ja noortekirjandus",,"Nemtsov, Vladimir 1907-1994","Тень под землей","jutustused; ulmeromaanid",teadmata,vene,vene,,,,,19481949,,,,,<p>Säde</p>,"9. dets., nr 50, lk 4 - 16. dets., nr 51, lk 4; 1949, 6. jaan., nr 1, lk 4 - 3. veebr., nr 5, lk 4; 17. veebr., nr 7, lk 4; 3. märts, nr 9, lk 4 - 17. märts, nr 11, lk 4; 31. märts, nr 13, lk 4 - 14. apr., nr 15, lk 4",,,74599
"Perioodikas ilmunud tõlge","Täiskasvanute ilukirjandus",FD,"Nassuštšenko, Vladimir 1930-2002",teadmata,jutustused,"Tali, Thelma",vene,vene,,,,,19831984,,,,,"<p>Töörahva Lipp</p>","22., 24.,27., 29. dets.; 3., 5. jaan.",,,73845
"Perioodikas ilmunud tõlge","Täiskasvanute ilukirjandus",FD,"Nassuštšenko, Vladimir 1930-2002",teadmata,jutustused,"Tali, Thelma",vene,vene,,,,,19831984,,,,,"<p>Töörahva Lipp</p>","22., 24.,27., 29. dets.; 3., 5. jaan.",,,76679
"Perioodikas ilmunud tõlge","Täiskasvanute ilukirjandus","Kapten Mereroos ja tema lapsed","Möllhausen, Balduin, 1825-1905",teadmata,romaanid,V-er.,saksa,saksa,,,,,19091910,,,,,"<p>Aeg : Kirjandusline lisa</p>","nr 142, lk 1037-1038 - nr 162, lk 1191-1196; 1910: nr 1/2, lk 3-8 - nr 35, lk 266-270",,,32200
"Perioodikas ilmunud tõlge","Täiskasvanute ilukirjandus","Kapten Mereroos ja tema lapsed","Möllhausen, Balduin, 1825-1905",teadmata,romaanid,V-er,saksa,saksa,,,,,19091910,,,,,"<p>Päevaleht : Kirjandusline lisa</p>","nr 259, lk 1031-1033 - nr 300, lk 1096-1099; 1910: nr 1-67",,,32213
"Perioodikas ilmunud tõlge","Laste- ja noortekirjandus","Kollane mask","Miziiski, Nikolai",teadmata,jutustused,"Kaldaru, Hella",vene,bulgaaria,,,,,19831984,,,,,<p>Säde</p>,"19., 22., 29. okt.; 2., 12., 16., 23., 26. nov.; 3., 7., 10., 14., 17., 24. dets.; 4., 7., 14., 21., 28. jaan.; , 4., 8., 11., 15., 25., 29. veebr.; 3. märts",,,73860
"Perioodikas ilmunud tõlge","Laste- ja noortekirjandus","Kollane mask","Miziiski, Nikolai",teadmata,jutustused,"Kaldaru, Hella",vene,bulgaaria,,,,,19831984,,,,,<p>Säde</p>,"19., 22., 29. okt.; 2., 12., 16., 23., 26. nov.; 3., 7., 10., 14., 17., 24. dets.; 4., 7., 14., 21., 28. jaan.; , 4., 8., 11., 15., 25., 29. veebr.; 3. märts",,,76694
Tõlkeraamat,"Täiskasvanute ilukirjandus","Tuulest viidud. 2.","Mitchell, Margaret 1900-1949","Gone with the Wind",romaanid,teadmata,inglise,ameerika,,,Tallinn-Nõmme,teadmata,19551956,"524 l",,,,,,,"Masinkirja paljundus, tekst ühel leheküljel",68951
"Perioodikas ilmunud tõlge","Täiskasvanute ilukirjandus",Kodulinnas,"Millard, Kenneth",teadmata,jutustused,teadmata,vene,ameerika,,,,,19721973,,,,,"<p>Leninlik Lipp</p>","18., 21.-24., 28.-30. nov.; 1., 5., 7.-8., 12.-15., 19.-21., 23., 26.-29. dets.; 3.-6., 9.-13., 16.-20., 23.-27., 30.-31. jaan.; , 1.-2., 6.-10., 13.-16., 20., 22. veebr.",,,82214
"Perioodikas ilmunud tõlge","Täiskasvanute ilukirjandus","Peeter Suur ja Aleksei","Merežkovski, Dmitri 1866-1941","Петр и Алексей",romaanid,"Haava, Anna 1864-1957",vene,vene,,,,,19071908,,,,,<p>Postimees</p>,"nr 121-147; 1908: nr 1-14, 16-67",,,46359
Tõlkeraamat,"Täiskasvanute ilukirjandus","Wagga Jenowewa ajalik elloaeg","Marbach, Gotthard Oswald 1810-1890","Geschichte von der heiligen Pfalzgräfin Genoveva. Eesti keeles",jutud,"Kreutzwald, Friedrich Reinhold 1803-1882",saksa,saksa,,,Tartu,"H. Laakmann",18521858,"68 lk, 17 cm",,,,,,,"Autor ja tõlkija märkimata",70354
"Perioodikas ilmunud tõlge","Täiskasvanute ilukirjandus","Lipud tornides","Makarenko, Anton 1888-1939","Флаги на башнях",romaanid,teadmata,vene,vene,,,,,19401941,,,,,"<p>Noorte Hääl</p>","1., 3.-5., 7.-8., 10.-15., 17.-22., 25., 28.-31. dets.; 1941, 1., 3.-5., 7.-12., 14.-19., 21., 24., 25.-26., 28.-31. jaan., 1.-2., 4.-5., 7.-9., 11.-15., 18.-22., 25.-28. veebr., 1.-2., 4.-9., 11.-14., 16., 18.-23., 25.-29. märts",,,54587
Tõlkeraamat,"Täiskasvanute ilukirjandus","Jerry : romaan","London, Jack 1876-1916",Jerry,romaanid,"Herms, August",inglise,ameerika,,,Tallinn,Elu,19281929,"2 osa (205, [2] lk.)",,"Elu lugemisvara, nr. 28; Elu lugemisvara, nr. 29",,,,,"Tõlkija Herms, August. Allikas: Eesti raamatute üldnimestik 1928 nr. 1019; I osa: 96 lk., II osa: lk. 97-205, [2]; Jack London - pseud.",44664
Tõlkeraamat,"Täiskasvanute ilukirjandus","Raudteehulkrud : seiklussõidud läbi Põhja-Ameerika","London, Jack 1876-1916",teadmata,romaanid,"Herms, August",inglise,ameerika,,,Tallinn,teadmata,19281929,"2 osa (173, [1] lk.)",,"Elu lugemisvara, nr. 19; Elu lugemisvara, nr. 20",,,,,"Tõlkija Herms, August. Allikas: Eesti raamatute üldnimestik 1928 nr. 26; ilmunud ka eraldi: 1. osa: 96 lk., 2. osa 97-173 lk.; Jack London - pseud.",44679
"Perioodikas ilmunud tõlge","Täiskasvanute ilukirjandus","Triaadi vari","Levin, Andrei 1944-2000",teadmata,romaanid,"Piirimaa, Matti 1937-",vene,vene,,,,,19771978,,,,,"<p>Noorte Hääl</p>","24.-25., 27.-31. dets.; 1., 3.-8., 10.-15., 17.-22., 24.-29., 31. jaan.; 1.-5. veebr.",,"Teksti lõpus: Tõlkija P. Matt",78700
"Perioodikas ilmunud tõlge","Täiskasvanute ilukirjandus","Lukuauk : [ulmejutustus]","Leinster, Murray 1896-1975",teadmata,jutustused,"Valdre, Külli",inglise,ameerika,,,,,19841985,,,,,"<p>Pedagoogiline Instituut</p>","21., 28. dets.; 25. jaan., 10. veebr.; 15., 22., 29. märts",,,73607
"Perioodikas ilmunud tõlge","Täiskasvanute ilukirjandus","Lukuauk : [ulmejutustus]","Leinster, Murray 1896-1975",teadmata,jutustused,"Valdre, Külli",inglise,ameerika,,,,,19841985,,,,,"<p>Pedagoogiline Instituut</p>","21., 28. dets.; 25. jaan., 10. veebr.; 15., 22., 29. märts",,,76443
"Perioodikas ilmunud tõlge","Täiskasvanute ilukirjandus",Põgenik,"Leante, César 1928-2013",teadmata,jutustused,"Pärni, Jüri 1939-2009",vene,kuuba,,,,,19761977,,,,,<p>Õhtuleht</p>,"23.-25., 27.-31. dets.; 3.-8., 10.-13. jaan.",,,80760
"Perioodikas ilmunud tõlge","Täiskasvanute ilukirjandus","Üksik haud","Lagerlöf, Selma 1858-1940",teadmata,jutud,"Buk, Villem 1879-1941",teadmata,rootsi,,,,,19061907,,,,,"<p>Hüüdja ei ole selles</p>","23. dets., nr 1, lk 3-4; 1907 : 13. jaan., nr 1, lk 7-8; 20. jaan., nr 3, lk 11",,"Väljaandes: eesti keelde V. B. [pseud = Buk, Villem]",44076
"Perioodikas ilmunud tõlge","Laste- ja noortekirjandus","Vana talunaene [Vana talunaine]","Lagerlöf, Selma 1858-1940",teadmata,jutud,"Mauer, August 1862-1925",rootsi,rootsi,,,,,19019,,,,,<p>Lasteleht</p>,"nr 9, lk 129-135; nr 10, lk 145-150",,"Väljaandes: Selma Lagerlöfi järele tõlkinud Mats. [Mats (pseud.) = Mauer, August]",44153
"Perioodikas ilmunud tõlge","Täiskasvanute ilukirjandus","Teekond jätkub","Kulešov, Aleksandr 1921-1990",teadmata,jutustused,"Amos, Ralf",vene,vene,,,,,19791980,,,,,"<p>Harju Elu</p>","23., 25., 27., 30. okt.; 1., 3., 6., 15., 17., 20., 22., 27., 30. nov.; 1., 4., 6., 8., 11., 13., 18., 20., 22., 29. dets.; 3., 5., 8., 12., 15., 17. jaan.",,"Ajakirjast Советская милиция",78005
"Perioodikas ilmunud tõlge","Laste- ja noortekirjandus","Lähen vennale vastu : ulmejutustus","Krapivin, Vladislav 1938-2020",teadmata,jutustused,"Kokk, Kädi 1938-2006",vene,vene,,,,,19841985,,,,,<p>Säde</p>,"24. nov.; 1., 5., 8., 12., 15., 22., 26. dets.; 3., 5., 9. jaan.",,Lühendatult,73592
"Perioodikas ilmunud tõlge","Laste- ja noortekirjandus","Lähen vennale vastu : ulmejutustus","Krapivin, Vladislav 1938-2020",teadmata,jutustused,"Kokk, Kädi 1938-2006",vene,vene,,,,,19841985,,,,,<p>Säde</p>,"24. nov.; 1., 5., 8., 12., 15., 22., 26. dets.; 3., 5., 9. jaan.",,Lühendatult,76428
"Perioodikas ilmunud tõlge","Laste- ja noortekirjandus","Operatsioon ""Soobel","Korotejev, Nikolai 1927-1978",teadmata,jutustused,teadmata,vene,vene,,,,,19871988,,,,,<p>Säde</p>,"2., 5., 9., 12., 16., 19., 23. dets.; 6., 9., 13., 16., 20., 23., 27. jaan.; 3., 6., 10., 13., 17., 20. veebr.",,,72855
"Perioodikas ilmunud tõlge","Laste- ja noortekirjandus","Operatsioon ""Soobel","Korotejev, Nikolai 1927-1978",teadmata,jutustused,teadmata,vene,vene,,,,,19871988,,,,,<p>Säde</p>,"2., 5., 9., 12., 16., 19., 23. dets.; 6., 9., 13., 16., 20., 23., 27. jaan.; 3., 6., 10., 13., 17., 20. veebr.",,,75692
"Perioodikas ilmunud tõlge","Täiskasvanute ilukirjandus","Mõrvar on meie hulgas","Kleine, Dorothea 1928-2010",teadmata,romaanid,teadmata,teadmata,saksa,,,,,19731974,,,,,"<p>Nõukogude Hiiumaa</p>","12., 15., 17., 20., 22., 24., 27., 29. nov.; 1., 4., 8., 11., 13., 15., 18., 20., 22., 25., 27., 29., 31. dets.; 3., 5., 8., 12., 15., 17., 19., 22., 24., 26., 29., 31. jaan.; 2., 5., 7., 9., 12., 14., 16., 19, 21., 23., 26., 28. veebr.; 2., 5., 7., 10., ",,,81486
Tõlkeraamat,"Täiskasvanute ilukirjandus","Kim : [romaan]","Kipling, Rudyard 1865-1936",Kim,romaanid,"Sillaots, Marta 1887-1969",inglise,inglise,,,Tartus,Valik,19331934,"2 osa (432 lk.)",,,,,,,"Marta Sillaots, pseud. = Marta Rannat (sünd. Reichenbach, abielludes Gerland, eestistatult Rannat)",44958
"Perioodikas ilmunud tõlge","Laste- ja noortekirjandus","Valendab üksik puri","Katajev, Valentin 1897-1986","Белеет парус одинокий",romaanid,"Hange, Eugen 1910-1955",vene,vene,,,,,19461947,,,,,"<p>Eesti Naine</p>","nr 1, lk 23-35, nr 2, lk 61-67, nr 3, lk 102-105, nr 4, lk 129-133, nr 5/6, lk 176-181, nr 7, lk 215-219, nr 8, lk 246-250, nr 9, lk 276-283, nr 10, lk 312-313, nr 11, lk 342-344, nr 12, lk 374-377; 1947, nr 1, lk 24-25, nr 2, lk 56-57, nr 3, lk 86-89, nr",,"Romaani edasise sisu kokkuvõte nr 4, lk 112-113",72183
"Perioodikas ilmunud tõlge","Laste- ja noortekirjandus","Polgu poeg","Katajev, Valentin 1897-1986","Сын полка",jutustused,"Kõlli, Friedrich 1901-1978",vene,vene,,,,,19461947,,,,,<p>Pioneer</p>,"nr. 1, lk. 9-19; nr. 2, lk. 42-46; nr. 3, lk. 75-79, 82; nr. 4/5, lk. 111, 114—117; nr. 6, lk. 147—150; nr. 7, lk. 185—187; nr. 8, lk. 217— 220; nr. 9, lk. 241—245; nr. 10, lk. 282—284; nr. 11/12, lk. 328—330; 1947, nr. 1, lk. 18-21; nr. 2/3",,"Tõlkijat ei ole nimetatud",72286
"Perioodikas ilmunud tõlge","Laste- ja noortekirjandus","Noorema poja tänav","Kassil, Lev 1905-1970; Poljanovski, Maks 1901-1977","Улица младшего сына",jutustused,"Dahlberg, Alide 1891-1981",vene,vene,,,,,19491950,,,,,<p>Säde</p>,"2. juuni, nr 22, lk 4 - 9. juuni, nr 23, lk 4; 23. juuni, nr 25, lk 4 - 30. juuni, nr 26, lk 4; 14. juuli, nr 28, lk 4; 28. juuli, nr 30, lk 4 - 11. aug., nr 32, lk 4; 25. aug., nr 34, lk 4 - 1. sept., nr 35, lk 4; 15. sept., nr 37, lk 4; 29. sept., nr 39",,"[Andmed tõlkija kohta e-kataloogist ESTER]",75032
"Perioodikas ilmunud tõlge","Laste- ja noortekirjandus","Neljajalgne miljonär","Jurjev, Zinovi, 1925-2020",teadmata,jutustused,teadmata,vene,vene,,,,,19881989,,,,,<p>Pioneer</p>,"nr 1, lk 33-35; nr 2, lk 33-35; nr 3, lk 32-34; nr 4, lk 33-35; nr 5, lk 33-35; nr 6, lk 33-35; nr 7, lk 33-35; nr 8, lk 33-35; nr 9, lk 33-35; nr 10, lk 33-35; nr 11, lk 33-35; nr 12, lk 33-35",,,72669
"Perioodikas ilmunud tõlge","Laste- ja noortekirjandus","Neljajalgne miljonär","Jurjev, Zinovi, 1925-2020",teadmata,jutustused,teadmata,vene,vene,,,,,19881989,,,,,<p>Pioneer</p>,"nr. 1, lk 33-35; nr 2, lk 33-35; nr 3, lk 32-34; nr 4, lk 33-35; nr 5, lk 33-35; nr 6, lk 33-35; nr 7, lk 33-35; nr 8, lk 33-35; nr 9, lk 33-35; nr 10, lk 33-35; nr 11, lk 33-35; nr 12, lk 33-35",,,75506
"Perioodikas ilmunud tõlge","Täiskasvanute ilukirjandus","Valge mürk : fantastiline romaan-pamflett","Jurjev, Zinovi 1925-2020","Белое снадобье",romaanid,teadmata,vene,vene,,,,,19731974,,,,,"<p>Leninlik Lipp</p>","19., 23.-26., 30.-31. okt.; 1.-2., 7., 12.-16., 20., 22.-24., 27.-30. nov.; 1., 4.-5., 7.-8., 11.-15., 18.-21., 25.-26., 28., 31. dets.; 3.-4., 8.-11., 15.-18., 22.-26., 29.-31. jaan.; 1.-2., 5.-8., 12.-13. veebr.",,,81448
"Perioodikas ilmunud tõlge","Täiskasvanute ilukirjandus",Valevanne,"Jobst, J.",teadmata,romaanid,teadmata,teadmata,teadmata,,,,,19071908,,,,,"<p>Kirjandusline lisa : [Päevalehe ja ajalehe Aeg kaasanne]; Päevaleht</p>","nr 132-164; Romaan jätkus 1908 Päevalehes nr 1-2, 7",,"Väljaandes: J. Jobsti romaan",65115
"Perioodikas ilmunud tõlge","Täiskasvanute ilukirjandus",Skeletirannik,"Jenkins, Jeffrey",teadmata,jutustused,"Matt, Peeter",inglise,inglise,,,,,19861987,,,,,<p>Õhtuleht</p>,"18.-19., 22.-26., 29.-30. dets.; 5.-8., 10., 12.-17., 19.-24., 26.-30. jaan.; 2.-7., 9.-13., 16., 18. veebr.",,,73089
"Perioodikas ilmunud tõlge","Täiskasvanute ilukirjandus",Skeletirannik,"Jenkins, Jeffrey",teadmata,jutustused,"Matt, Peeter",inglise,inglise,,,,,19861987,,,,,<p>Õhtuleht</p>,"18.-19., 22.-26., 29.-30. dets.; 5.-8., 10., 12.-17., 19.-24., 26.-30. jaan.; 2.-7., 9.-13., 16., 18. veebr.",,,75926
"Perioodikas ilmunud tõlge","Laste- ja noortekirjandus",Torm,"Jefimov, Igor 1937-2020",teadmata,jutustused,"Lott, Mare 1934-",vene,vene,,,,,19771978,,,,,<p>Säde</p>,"7., 10., 14., 21., 24., 28. dets.; 4., 7., 14., 21., 28. jaan.; 1., 4.,11., 18. veebr.; 1., 11., 15., 22., 29. märts",,,78719
"Perioodikas ilmunud tõlge","Täiskasvanute ilukirjandus","Tütarlaps Sable’i saarelt","Ivanov, Juri 1928-1994","Девочка с острова Сейбл",jutustused,"Tänavsuu, Hille 1941-2014",vene,vene,,,,,19821983,,,,,"<p>Harju Elu</p>","16., 18., 20., 23., 25., 30. nov.; 2., 4., 7., 11., 14., 16., 18.. 21.. 23., 28., 30. dets.; 1., 4., 6., 8., 11., 13. jaan.",,"Kogumikust ""Океан",77011
"Perioodikas ilmunud tõlge","Täiskasvanute ilukirjandus","Ühekordne Ameerika","Ilf, Ilja 1897-1937; Petrov, Jevgeni 1902-1942","Одноэтажная Америка",reisikirjad,"Tuglas, Friedebert 1886-1971",vene,vene,,,,,19401941,,,,,<p>Looming</p>,"nr 9, lk 934-955, nr 10, lk 1058-1084; 1941, nr 1, lk 45-69, nr 2, lk 153-172, nr 3, lk 302-324, nr 4, lk 436-456, nr 5/6, lk 677-697",,"Jääb pooleli",54545
"Perioodikas ilmunud tõlge","Täiskasvanute ilukirjandus","Eriülesandega üle rindejoone","Ignatov, Pjotr 1894-1984",teadmata,jutustused,"Pärni, Jüri 1939-2009",vene,vene,,,,,19761977,,,,,"<p>Rahva Hääl</p>","21.-22., 24.-26., 28., 30.-31. dets.; 1., 4.-9., 11.-16., 18.-23., 25.-30. jaan.; 1.-6., 8.-13., 15.-20., 22.-27. veebr.; 1.-6., 8., 10.-13., 16.-18. märts",,,79061
"Perioodikas ilmunud tõlge","Täiskasvanute ilukirjandus","Kadunud jäljed","Hume, Fergus 1856-1932","The Carbuncle Clue",romaanid,teadmata,teadmata,inglise,,,,,19101911,,,,,<p>Virulane</p>,"nr 296-299; 1911, nr 1-12, 14-20, 22-45, 47-50, 52-54",,,71172
Tõlkeraamat,"Täiskasvanute ilukirjandus","Stenka Rasin : [romaan]","Hruštšov-Sokolnikov, Gavriil 1845-1890","Стенька Разин",romaanid,teadmata,vene,vene,,,Tartu,Anderomaan,19371938,"8 annet (263 lk.)",,,,,,,"Väljaandes: G. Hruštškov-Sokolnikov",57794
"Perioodikas ilmunud tõlge","Täiskasvanute ilukirjandus",Lummurid,"Horan, James David 1914-1981",teadmata,romaanid,"Vaga, M.",teadmata,ameerika,,,,,19751976,,,,,"<p>Küsimused ja Vastused</p>","nr 22, lk 42-48; nr 23, lk 45-48; nr 24, lk 38-41; nr 1, lk 43-48; nr 2, lk 42-48; nr 3, lk 44-48; nr 4, lk 43-47; nr 5, lk 43-48; nr 6, lk 43-48; nr 7, lk 45-48; nr 8, lk 42-46; nr, lk 44-48; nr. 10, lk 42-48; nr 11, lk 44—47; nr 12, lk 40-46; nr 13, l",,,80297
"Perioodikas ilmunud tõlge","Täiskasvanute ilukirjandus","Babett armastab? : romaan","Holland, Katrin 1914-1981",teadmata,romaanid,teadmata,saksa,saksa,,,Viljandi,"Oma Maa",19341935,"124 lk.",,,,"<p>Oma Maa</p>",,,"Holland, Katrin, ps = Albrand, Martha = (Freybe) Loewengard, Heidi Huberta. Ajalehe joonealune",57098
"Perioodikas ilmunud tõlge","Täiskasvanute ilukirjandus","Loomaarstist lenduriks","Herriot, James 1916-1995",teadmata,jutustused,"Aiaots, J.",inglise,inglise,,,,,19891990,,,,,"<p>Eesti Loomaarstlik Ringvaade</p>","nr 1, lk 31-36; nr 2, lk 41-44; nr 1, lk 59-62",,,72515
"Perioodikas ilmunud tõlge","Täiskasvanute ilukirjandus","Loomaarstist lenduriks","Herriot, James 1916-1995",teadmata,jutustused,"Aiaots, J.",inglise,inglise,,,,,19891990,,,,,"<p>Eesti Loomaarstlik Ringvaade</p>","nr 1, lk 31-36; nr 2, lk 41-44; nr 1, lk 59-62",,,75354
"Perioodikas ilmunud tõlge","Täiskasvanute ilukirjandus","Tasandatud teel","Hedenstierna, Alfred 1852-1906",teadmata,jutud,"Liblik, Aleksander 1877-1924",rootsi,rootsi,,,,,11910,,,,,"<p>Eesti Kodu</p>","nr 15, lk 305-307",,"Väljaandes: Rootsi kirjaniku Alfred af Hedenstjerna järele A. Liblik",44173
Tõlkeraamat,"Täiskasvanute ilukirjandus","Wabrikuneiu : romaan suurlinna saladustest (Vabrikuneiu)","Haimer, Victor",teadmata,romaanid,teadmata,saksa,saksa,,,Tallinn,"J. E. Meigas",9223372036854775807,"48 annet (1544 lk.)",,,,,,,,57779
"Perioodikas ilmunud tõlge","Laste- ja noortekirjandus","Pavlik Morozov","Gubarev, Vitali 1912-1981","Павлик Морозов",jutustused,"Kuusberg, Berta 1921-1998",vene,vene,,,,,19471948,,,,,<p>Pioneer</p>,"nr 11, lk 326-329; nr 12, lk 357-359; 1947, nr. 1, lk. 25-27; nr. 2, lk. 58-60; nr. 3, lk. 89-90",,"Andmed tõlkija kohta: e-kataloog ESTER",74277
"Perioodikas ilmunud tõlge","Täiskasvanute ilukirjandus","Alistumatud (Tarassi perekond)","Gorbatov, Boriss 1908-1954",Непокоренные,romaanid,"Urgart, Oskar 1900-1953",vene,vene,,,,,19441945,,,,,<p>Talurahvaleht</p>,"5. dets., nr 36 - 29. dets., nr 46; 1945, 3. jaan., nr 1 - 7. jaan., nr 3, 12. jaan., nr 5 - 14. jaan., nr 6, 19. jaan., nr 8 - 21. jaan., nr 9, 26. jaan., nr 11, 2. veebr., nr 14 - 4. veebr., nr 15, 11. veebr., nr 18, 16. veebr., nr 20, 27. veebr., nr 25",,,67290
"Perioodikas ilmunud tõlge","Täiskasvanute ilukirjandus",Sõprus,"Gorbatov, Boriss 1908-1954",Дружба,jutustused,teadmata,vene,vene,,,,,19471948,,,,,"<p>Stalinlik Noorus</p>","nr 11, lk 508-509; nr 12, lk 568-569; 1948, nr 1, lk 40-41",,,72443
"Perioodikas ilmunud tõlge","Täiskasvanute ilukirjandus","Erakordne juhtum","Golovtšenko, Ivan 1918-1992",teadmata,jutustused,teadmata,vene,ukraina,,,,,19711972,,,,,"<p>Punane Täht</p>","16., 18., 21., 23., 25., 28., 30. dets.; 4., 6., 8., 11., 13. jaan.",,"Ajakirjast Огонек",82950
"Perioodikas ilmunud tõlge","Täiskasvanute ilukirjandus",Keerdsõlm,"Gardner, Erle Stanley 1889-1970",teadmata,jutustused,teadmata,inglise,ameerika,,,,,19811982,,,,,"<p>Harju Elu</p>","17., 20., 22., 24., 27., 31. okt.; 3., 12., 14., 21., 24., 26., 28. nov.; 1., 3., 5., 10., 12., 15., 19., 24., 26., 31. dets.; 5., 7., 9., 12., 14., 16., 19., 21., 23., 26., 28. jaan.; 2., 4., 9., 11., 13., 16., 18., 20., 23,, 25. veebr.; 2., 6., 11., 16.",,,77388
"Perioodikas ilmunud tõlge","Laste- ja noortekirjandus","Tšuk ja Gek","Gaidar, Arkadi 1904-1941","Чук и Гек",jutustused,teadmata,vene,vene,,,,,19461947,,,,,<p>Pioneer</p>,"nr 11/12, lk 326-327; 1947, nr 1, lk 24-26; nr 2/3, lk 67-69; nr 4, lk 102-103",,,72281
"Perioodikas ilmunud tõlge","Täiskasvanute ilukirjandus","Viimane takistus","Francis, Dick 1920-2010",teadmata,romaanid,"Taavet, E.",vene,inglise,,,,,19801981,,,,,"<p>Leninlik Lipp</p>","13., 18.-19., 23.-25., 30. dets.; 1., 5.-9, 14.-17, 20.-24., 27, 29.-30. jaan.; 3.-7., 10.-13., 17., 19.-20., 24.-27. veebr.; 3.-6., 11.-13., 17.-20., 24.-27., 31. märts; 1.-4., 7.-9., 11., 14.-15., 17.-18. apr.",,"Ajalehes autori nimi ekslikult Dick Frencis. Ajakirjast Искатель",77692
Tõlkeraamat,"Laste- ja noortekirjandus","Laane hulkur : seiklusi Ameerika metsikuist kõrbeist","Ferry, Gabriel 1809-1852","Le coureur des bois",romaanid,"Kõiv, Arnold",prantsuse,prantsuse,,,Nõmme,Odav,19291930,"11 annet (360 lk.)",,,,,,,"Väljaandes: eesti noorsoole ümbertöötanud Arnold Kõiv. Ferry, Gabriel, ps = Bellemare, Louis Ferry Gabriel de",57784
Tõlkeraamat,"Täiskasvanute ilukirjandus","Must kapten ehk Lendav Hollandlane","Fels, Guido von 1859-u.1918","Der fliegende Holländer",romaanid,teadmata,saksa,saksa,"Elmlo, Voldemar 1912-1945",,Tallinn,"V. Elmlo",19371938,"22 annet (703, [1] lk.)",,"Väikeraamat ""Pere",,,,,"Väljaandes: toimetanud V. Elmlo. 1.-11. anne-1937, 12.-22. anne-1938. Guido von Fels, ps = Paul Walter",57792
Tõlkeraamat,"Täiskasvanute ilukirjandus","Saladuslik Jack : põnevaim kriminaalromaan","Fels, Guido von 1859-u.1918","Jack, der geheimnißvolle Mädchenmörder",romaanid,teadmata,saksa,saksa,,,Tartu,"Eesti Rahvakirjastus",19391940,"64 annet (1024 lk.)","2. tr",,,,,,"Guido von Fels, ps = Paul Walter. 1.-5. anne ilmus Tartus A. Künnapuu kirjastusel. Anded 1-43 ilmusid 1939, 44-64 1940. Esitrükk: Tallinn : J. Koger, 1906-1907 (ilmus pealkirja all: Jack, saladusline inglane, ehk, Truuduseta naisterahvad)",57800
"Perioodikas ilmunud tõlge","Täiskasvanute ilukirjandus","Noor kaardivägi","Fadejev, Aleksandr 1901-1956","Молодая гвардия",romaanid,"Raidsalu, Elisabeth 1900-1970",vene,vene,,,,,19451946,,,,,"<p>Noorte Hääl</p>","14., 17., 19., 21., 24. apr., 8., 10., 12., 15., 17., 19., 22., 24., 26., 29., 31. mai, 2., 9., 12., 14., 23., 26., 28. juuni, 3., 5., 7., 10., 12., 14., 17., 20., 28., 31. juuli, 14., 16., 18., 21., 23., 25., 28. aug., 1., 4., 11., 15., 18., 20., 25. sep",,"Andmed tõlkija kohta: e-kataloog ESTER",67289
Tõlkeraamat,"Täiskasvanute ilukirjandus","Prantsuse talupoja ajalugu : Erckmann-Chatriani ajalooline roman",Erckmann-Chatrian,"Histoire d’un paysan",romaanid,"Vilde, Linda 1880-1966; Grünstamm, Voldemar 1876-u.1913",teadmata,prantsuse,,,Tartu,"J. Reevits",19081909,"154 [anne 1-10], 158, 191, 176 lk",,,,,,,"Raamatus: Eesti keelde Linda Jürmann ja W. Grünstamm. [Erckmann-Chatrian, pseud = Émile Erckmann (1822–1899) ja Alexandre Chatrian (1826–1890)]. [1-3 ilmusid 1908, 4-10 (koos) 1909]",84601
Tõlkeraamat,"Täiskasvanute ilukirjandus","Kolm musketääri : [romaan]. 1. osa","Dumas, Alexandre, vanem 1802-1870","Les trois mousquetaires",romaanid,"Helken, Ormus",prantsuse,prantsuse,,,Tallinn,Videvik,19231924,"8 annet (256 lk.)",,,,,,,,57777
Tõlkeraamat,"Täiskasvanute ilukirjandus","Krahv Monte-Kristo : (Le comte de Monte-Christo) : romaan","Dumas, Alexandre, vanem 1802-1870","Le comte de Monte-Cristo",romaanid,"Kõiv, Arnold",prantsuse,prantsuse,,,Tallinn,"A. Nurk",19361937,"37 annet (1192 lk.)",,,,,,,"Väljaandes: eestistanud Arnold Kõiv. 1.-17. anne (1936), 18.-37. anne (1937)",57789
"Perioodikas ilmunud tõlge","Täiskasvanute ilukirjandus","Kaks Dianat","Dumas, Alexandre vanem 1802-1870","Les Deux Diane",romaanid,"Piklep, J.",teadmata,prantsuse,,,,,19091910,,,,,<p>Saarlane</p>,"7. jaan., nr 1, lk 1-2 - 30. dets., nr 96, lk 2; 1910 : 9. jaan., nr 1, lk 1-2 - 27. märts, nr 22, lk 1-2",,"Väljaandes: Eesti keelde J. Piklep",48754
Tõlkeraamat,"Laste- ja noortekirjandus","Süda : raamat noorusele : esimene ja teine jagu","De Amicis, Edmondo 1846-1908",Cuore,jutustused,"Elken, Aliide",itaalia,itaalia,,,Tartu,"Odamees-Carl Sarap",19241925,"2 osa (127, 112, [2] lk.)",,,,,,,,57778
"Perioodikas ilmunud tõlge","Täiskasvanute ilukirjandus","Hommikupalvus Rapallos","Dangulov, Savva 1912-1989","Заутреня в Рапалло",romaanid,"Piirimägi, M.",vene,vene,,,,,19831984,,,,,<p>Õhtuleht</p>,"19.-24. dets., 26. dets.; 1984: 2.-3., 5.-7., 9.-11., 14., 16.-18., 20.-21., 23.-24., 26., 28., 31. jaan.; 1., 3., 6., 8.-10., 16.-18., 21.-23., 28.-29. veebr.; 1-2., 6., 12.-17., 19.-22., 24., 26.-31. märts; 2. apr.",,,73839
"Perioodikas ilmunud tõlge","Täiskasvanute ilukirjandus","Hommikupalvus Rapallos","Dangulov, Savva 1912-1989","Заутреня в Рапалло",romaanid,"Piirimägi, M.",vene,vene,,,,,19831984,,,,,<p>Õhtuleht</p>,"19.-24., 26. dets.; 2.-3., 5.-7., 9.-11., 14., 16.-18., 20.-21., 23.-24., 26., 28., 31. jaan.; 1., 3., 6., 8.-10., 16.-18., 21.-23., 28.-29. veebr.; 1-2., 6., 12.-17., 19.-22., 24., 26.-31. märts; 2. apr.",,,76673
"Perioodikas ilmunud tõlge","Täiskasvanute ilukirjandus",Inimkompuuter,"Crichton, Michael 1942-2008",teadmata,romaanid,"Treimann, Hans 1933-2014",teadmata,ameerika,,,,,19761977,,,,,<p>Horisont</p>,"nr, 5, lk 38-41; nr 6, lk 30-34; nr 7, lk 31-33; nr 8, lk 32-34; nr 9, lk 30-33; nr 10, lk 26-28; nr 11, lk 35-37; nr 12, lk 36-40; nr 1, lk 30-32 ; nr 2, lk 34-36; nr 3, lk 34-37; nr 4, lk 33-35; nr 5, lk 33-35; nr 6, lk 25-30",,,79083
Tõlkeraamat,"Täiskasvanute ilukirjandus","Põgenemine abielu eest","Courths-Mahler, Hedwig 1867-1950","Die Flucht vor der Ehe",romaanid,teadmata,saksa,saksa,,,Tallinn,Uudisleht,19351936,"130 lk.",,,,,,,"Ajalehe joonealune: Uudisleht 1935-1936",57278
"Perioodikas ilmunud tõlge","Täiskasvanute ilukirjandus","Kaardid laual","Christie, Agatha 1890-1976",teadmata,jutustused,"Murss, M.",inglise,inglise,,,,,19851986,,,,,"<p>Harju Elu</p>","12., 14., 17., 19., 21., 26., 28. sept.; 3., 10., 12., 15., 17., 19., 22., 26., 29. okt.; 2., 5., 7., 12., 16., 18., 21., 23., 26., 28. 30. nov.; 3., 5., 7., 10., 12,, 17., 19., 24., 26., 31. dets.; 4., 7., 9., 11., 14., 16., 18., 21., 25., 28. jaan.; 1.,",,,73334
"Perioodikas ilmunud tõlge","Täiskasvanute ilukirjandus","Kaardid laual","Christie, Agatha 1890-1976",teadmata,jutustused,"Murss, M.",inglise,inglise,,,,,19851986,,,,,"<p>Harju Elu</p>","12., 14., 17., 19., 21., 26., 28. sept.; 3., 10., 12., 15., 17., 19., 22., 26., 29. okt.; 2., 5., 7., 12., 16., 18., 21., 23., 26., 28. 30. nov.; 3., 5., 7., 10., 12,, 17., 19., 24., 26., 31. dets.; 4., 7., 9., 11., 14., 16., 18., 21., 25., 28. jaan.; 1.,",,,76171
"Perioodikas ilmunud tõlge","Täiskasvanute ilukirjandus","Miljon dollarit","Christie, Agatha 1890-1976",teadmata,jutustused,"Mirring, T.",inglise,inglise,,,,,19771978,,,,,"<p>Tallinna Polütehnik</p>","16., 23. dets.; 6., 13. jaan.",,,78713
"Perioodikas ilmunud tõlge","Täiskasvanute ilukirjandus","Mõistatuslik tempel","Christie, Agatha 1890-1976",teadmata,romaanid,teadmata,teadmata,inglise,,,,,19741975,,,,,"<p>Harju Elu</p>","17., 19., 24., 26., 28. sept.; 1., 3., 5., 8., 10., 12., 15., 19., 22., 24., 26., 29. okt.; 2., 5., 7., 14., 16., 19., 23., 26., 28., 30. nov.; , 3. 5., 10., 12., 14., 17., 19., 21., 26. dets.; 4., 7., 9., 11., 14., 16., 18., 21., 23., 25., 28. jaan.; 1.,",,,80817
"Perioodikas ilmunud tõlge","Täiskasvanute ilukirjandus","Mõistatuslik tempel","Christie, Agatha 1890-1976",teadmata,romaanid,teadmata,teadmata,inglise,,,,,19741975,,,,,"<p>Nõukogude Hiiumaa</p>","15., 17., 19., 22., 24., 26., 29., 31. okt.; 2., 5, 7., 12., 14., 16., 19., 21., 23., 26., 28. nov.; 3., 5., 10., 12., 14., 17., 19., 21., 24., 26., 31. dets.; 4., 7., 9., 11., 14., 16., 18, 21., 23, 25, 28. jaan.; , 4., 6., 8., 11., 13., 15., 18., 22., 2",,,80818
"Perioodikas ilmunud tõlge","Täiskasvanute ilukirjandus","Kümme väikest neegripoissi","Christie, Agatha 1890-1976","Ten Little Niggers",romaanid,teadmata,teadmata,inglise,,,,,19731974,,,,,"<p>Harju Elu</p>","27., 29. nov.; 1., 4., 6., 11., 13., 15., 20., 22., 25. dets.; 3., 5., 8., 10., 11., 15., 19., 22., 24., 26., 29. jaan.; 2., 5., 7., 9., 12., 14., 16., 19., 21., 23., 28. veebr.; 5., 7., 14., 16., 19., 21., 23., 28. märts; 2., 4., 6., 9. apr.",,,81482
"Perioodikas ilmunud tõlge","Täiskasvanute ilukirjandus","Pealesõidu toimik","Chase, James Hadley 1906-1985",teadmata,romaanid,"Odar, I.",vene,inglise,,,,,19781979,,,,,"<p>Leninlik Lipp</p>","26.-27., 31. okt.; 1.-2., 4., 10.-11., 14.-18., 21.-25., 28.-30. nov.; 1.-2., 5.-9., 12., 14., 16., 19.-22., 26.-30. dets.; 3.-6., 9.-13., 16.-20., 23.-27., 30.-31. jaan.; 1.-3., 6.-10. veebr.",,"Ajakirjast Искатель",78321
"Perioodikas ilmunud tõlge","Täiskasvanute ilukirjandus",Ülemkohtunik,"Caine, Hall 1853-1931","The Deemster",romaanid,teadmata,teadmata,inglise,,,,,19081909,,,,,"<p>Kirjandusline lisa : [Päevalehe ja ajalehe Aeg kaasanne]</p>","nr 208, lk 823-824 - 1909, nr 1, lk 3-4.",,"Väljaandes: Th. H. Hall Caine roman.",31345
Tõlkeraamat,"Täiskasvanute ilukirjandus","Pariisi saladused : Margarete Steinheil : põnevaim armastus-, seiklus- ja kriminaalromaan","Büttner, Heinrich 1908-1970",,romaanid,"Vään, Richard 1915?-?",saksa,saksa,,,Tartu,"Eesti Rahvakirjastus",19381939,"44 annet (693 lk.)",,Põnevusromaan,,,,,"Kaanel autor märkimata; kirjastaja A. Künnapuu",57797
"Perioodikas ilmunud tõlge","Laste- ja noortekirjandus","Maks ja Moorits : lugu kahest marakratist seitsmes jaos","Busch, Wilhelm 1832-1908","Max und Moritz eine Bubengeschichte in sieben Streichen",jutustused,teadmata,saksa,saksa,,,,,19841985,,,,,<p>Pioneer</p>,"nr 9; nr 10; nr 11; nr 12; nr 1; nr 2; nr 3, lk 30-31",,Piltjutustus,73591
"Perioodikas ilmunud tõlge","Laste- ja noortekirjandus","Maks ja Moorits : lugu kahest marakratist seitsmes jaos","Busch, Wilhelm 1832-1908","Max und Moritz eine Bubengeschichte in sieben Streichen",jutustused,teadmata,saksa,saksa,,,,,19841985,,,,,<p>Pioneer</p>,"nr 9; nr 10; nr 11; nr 12; nr 1; nr 2; nr 3, lk 30-31",,Piltjutustus,76427
Tõlkeraamat,"Täiskasvanute ilukirjandus","Tarzan : suurromaan Aafrika džungleist","Burroughs, Edgar Rice 1875-1950","Jungle tales of Tarzan",romaanid,"Vään, Richard 1915?-?",inglise,ameerika,,,Tartu,"R. Vään",19391940,"32 annet (512 lk.)",,,,,,,"Kaanel pealkirja täiendandmed: Džungli saladused",44445
"Perioodikas ilmunud tõlge","Täiskasvanute ilukirjandus","Härra de Molière'i elu","Bulgakov, Mihhail 1891-1940","Жизнь господина де Мольера",romaanid,"Unt, Mati 1944-2005; Gross, Artur; Ojamaa, Ott 1926-1996; Palm, E.",vene,vene,,,,,19741975,,,,,"<p>Kultuur ja Elu</p>","nr 3, lk 30-33; nr 4, lk 36-40; nr 5, lk 36-40; nr 6, lk 28-32; nr 7, lk 33-35; nr 8, lk 32-36; nr 9, lk 31-34; nr 10, lk 26-29; nr 11, lk 35-39; nr 12, lk 33-36; nr 1, lk 31-34; nr 2, lk 32-37; nr 3, lk 30-35; nr 4, lk 31-35",,"Peatükke samanimelisest biograafilisest romaanist",80774
Tõlkeraamat,"Täiskasvanute ilukirjandus","Marino Marinelli : ülipõnev seiklusromaan Veneetsia minevikust","Brühl, Gustav von","Der Galeerensclave, Seeräuber und Inselkönig Marino Marinelli, oder, Die Blutnacht von Venedig : historisch-romantische Geschichte",romaanid,teadmata,saksa,saksa,,,Tartu,Rada,193819391940,"39 annet (468 lk.)",,,,,,,"Anded 1-7 ilm. 1938, 8-37 1939, 38-39 1940",57798
Tõlkeraamat,"Täiskasvanute ilukirjandus","Marietta, ehk, Galeeriorja tütar : armastus- ja põnevusromaan Prantsusmaa minevikust","Brühl, Al.",teadmata,romaanid,teadmata,teadmata/undetermined,teadmata/undetermined,"Nurk, August",,Tallinn,"A. Nurk",19381939,"34 annet (1083 lk.)",,"Väikeraamat ""Pere",,,,,,44241
"Perioodikas ilmunud tõlge","Täiskasvanute ilukirjandus","Male ohver","Brinker, Jan",teadmata,jutud,teadmata,teadmata,teadmata,,,,,11934,,,,,<p>Kodu</p>,"nr 4, lk 126-127",,,67373
"Perioodikas ilmunud tõlge","Täiskasvanute ilukirjandus","Armsad inimesed","Boguslavskaja, Zoja 1924-",teadmata,romaanid,"Huik, Toomas 1931-2020",vene,vene,,,,,19851986,,,,,"<p>Noorte Hääl</p>","20.-22., 24., 29., 30. nov.; 1., 4.-8., 11.-15., 18.-21., 25.-29. dets.; 3.-5., 8.-11., 15.-19., 22.-26., 29.-30. jaan.",,,73327
"Perioodikas ilmunud tõlge","Täiskasvanute ilukirjandus","Armsad inimesed","Boguslavskaja, Zoja 1924-",teadmata,romaanid,"Huik, Toomas 1931-2020",vene,vene,,,,,19851986,,,,,"<p>Noorte Hääl</p>","20.-22., 24., 29., 30. nov.; 1., 4.-8., 11.-15., 18.-21., 25.-29. dets.; 3.-5., 8.-11., 15.-19., 22.-26., 29.-30. jaan.",,,76164
"Perioodikas ilmunud tõlge","Täiskasvanute ilukirjandus",Kaitse,"Boguslavskaja, Zoja 1924-",teadmata,jutustused,"Huik, Toomas 1931-2020",vene,vene,,,,,19781979,,,,,"<p>Noorte Hääl</p>","6.-10., 12.-13., 16.-17., 19., 21.-24., 26.-31. dets.; 1., 3.-7., 9.-14., 16.-21., 23. jaan.",,,78305
"Perioodikas ilmunud tõlge","Täiskasvanute ilukirjandus","Kristuse pärast","Bogurad, Jerzy 1852-1928","Pro Christo",romaanid,"Kõrv, Jakob 1849-1916",teadmata,poola,,,,,19041905,,,,,"<p>Valguse lisaleht</p>","1. juuni, nr 22 - 28. dets., nr 52; 1905: 4. jaan., nr 1 - 17. mai, nr 20",,"Väljaandes: Poola kirjaniku Georg Bogurada romaan-jutustus Kristuse ajast. Eesti keelde pannud J. W. Kõrw. [Georg Bogurada = Jerzy Bogurada, pseud = Mikołaj Czerny]",88243
"Perioodikas ilmunud tõlge","Täiskasvanute ilukirjandus",Pitsatsõrmus,"Berkesi, András 1919-1997",teadmata,romaanid,teadmata,teadmata,ungari,,,,,19801981,,,,,"<p>Harju Elu</p>","8., 10., 12., 17., 19., 22., 26. apr.; 1. 13., 15., 22., 24., 27., 31. mai; 3., 10., 12., 14., 17., 21., 24., 26., 28. juuni; 1., 3., 8., 10., 15., 17., 24., 26., 29., 31. juuli; 2., 5., 7., 9., 12., 14., 16., 19., 23., 28. aug.; 2., 4., 6., 9, 11., 13., ",,,77690
"Perioodikas ilmunud tõlge","Täiskasvanute ilukirjandus","Uus ametikoht : romaan","Bek, Aleksander 1903-1972",Новое назначение,romaanid,"Traat, Victoria 1942-",vene,vene,,,,,19871988,,,,,<p>Õhtuleht</p>,"9.-12., 16.-17., 19.-21., 23.-28., 30. nov.; 1.-4.,-7.-10., 12., 14.-18., 21., 24., 29.-30. dets.; 9., 11.-16., 18., 22.-23., 25.-26., 28.-30. jaan.; 1.-6., 8.-10. veebr.",,,72839
"Perioodikas ilmunud tõlge","Täiskasvanute ilukirjandus","Uus ametikoht : romaan","Bek, Aleksander 1903-1972",Новое назначение,romaanid,"Traat, Victoria 1942-",vene,vene,,,,,19871988,,,,,<p>Õhtuleht</p>,"9.-12., 16.-17., 19.-21., 23.-28., 30. nov.; 1.-4.,-7.-10., 12., 14.-18., 21., 24., 29.-30. dets.; 9., 11.-16., 18., 22.-23., 25.-26., 28.-30. jaan.; 1.-6., 8.-10. veebr.",,,75676
"Perioodikas ilmunud tõlge","Täiskasvanute ilukirjandus","Võtmeta maja : novell-kroonika. 1","Azarov, Aleksei; Kudravtsev, Vladislav","Дом без ключа",novellid,teadmata,vene,vene,,,,,19781979,,,,,"<p>Harju Elu</p>","28. veebr.; 2., 11., 14., 16., 21., 23., 25., 28. märts; 1., 4., 8., 11., 15., 18., 22., 25., 27. apr.; 6., 11., 16., 18., 23., 25., 27. 30. mai; 6., 8., 13., 15., 17., 20., 22. juuni; 23., 25., 27., 30. jaan.; 1., 3., 6., 8., 10., 13., 15., 17., 20., 24",,,78725
"Perioodikas ilmunud tõlge","Täiskasvanute ilukirjandus","Tormi ootus","Avdejenko, Juri 1933-1982","Ожидание шторма",jutustused,"Jäger, S.; Odar, I.",vene,vene,,,,,19771978,,,,,"<p>Leninlik Lipp</p>","25.-26., 29.-30. nov.; 1.-2, 6.-9., 13.-14., 16.-17., 20., 23.-24., 27.-30. dets; 3.-7., 10.-14., 17.-21., 24.-28., 31. jaan.; 1.-3., 7.-10., 14.-18., 21.-24., 28. veebr.; 1. märts",,"Ajakirjast Подвиг",78692
"Perioodikas ilmunud tõlge","Täiskasvanute ilukirjandus","Surma hingus","Asimov, Isaac 1920-1992",teadmata,jutustused,"Tamm, V.",inglise,ameerika,,,,,19731974,,,,,<p>Horisont</p>,"nr 7, lk 34-38; nr 8, lk 35-38; nr 9, lk 35-39; nr 10, lk 36-38; nr 11, lk 30-34; nr 12, lk 34-37; 1974 nr 1, lk 36-38; nr 2, lk 33-37; nr 3, lk 31-36; nr 4, lk 34-37; nr 5, lk 33-37; nr 6, lk 33-37",,,81479
"Perioodikas ilmunud tõlge","Laste- ja noortekirjandus","Üleeile ja ülehomme","Aleksin, Anatoli 1924-2017","Позавчера и послезавтра",jutustused,"Laubre, Maris",vene,vene,,,,,19751976,,,,,<p>Pioneer</p>,"nr 8, lk 37-39; nr 9, lk 40-41; nr 10, lk 40-41; nr 10, lk 38-39; nr 12, lk 42-43; nr 1, lk lk 39-40",,,81220
"Perioodikas ilmunud tõlge","Täiskasvanute ilukirjandus",Käsi,"Albert-Jean 1892-1975",teadmata,jutud,teadmata,teadmata/undetermined,prantsuse,,,,,19238,,,,,<p>Kodu</p>,"nr 18, sept., lk 555-556",,"Albert-Jean (pseud.) = Jean,  Marie-Joseph-Albert-François",48117
"Perioodikas ilmunud tõlge","Täiskasvanute ilukirjandus","Nägu maski varjus","Addams, Peter 1917-1975",teadmata,romaanid,"Ariva, Linda 1921-2009",saksa,saksa,,,,,19771978,,,,,<p>Edasi</p>,"7.-10., 13.-17., 20.-24., 27.-31. dets.; 3.-7., 10.-14., 17.-21., 24.-27. jaan.",,"[Addams, Peter = Djacenko, Boris]",78712
"Perioodikas ilmunud tõlge","Täiskasvanute ilukirjandus","Peremeheta kohver","Adamov, Arkadi 1920-1991","Чемодан без хозяина",jutustused,"Jürna, Juhan-Kaspar 1931-1982",vene,vene,,,,,19721973,,,,,"<p>Noorte Hääl</p>","30. nov.; 1.-3., 5., 7.-8., 10., 12., 13.-17., 20.-24., 26.-31. dets.; 1. jaan.",,,82166
"Perioodikas ilmunud tõlge","Laste- ja noortekirjandus","Nõiatulp : ulmejutt","Abramov, Sergei 1944-2024",teadmata,jutud,"Maksing, Meta",vene,vene,,,,,19801981,,,,,<p>Säde</p>,"12., 16., 26. juuli; 2., 6., 9., 16., 23., 27. aug.; 3., 6., 13., 17., 20., 27. sept.; 4., 9., 11., 22., 25., 29. okt.; 1., 15., 22., 26., 29. nov.; 3., 13., 17., 20., 24. dets.; 7., 10., 17. jaan.",,,78190
Tõlkearvustus,"Täiskasvanute ilukirjandus","Zsigmond Móricz: Mudakuld. Romaan. Ungari keelest tõlkinud A. Murakin. K.-ü ""Loodus"" Tartus 1929. ""Looduse kroonine romaan nr 1 : [Rets.: Zsigmond Móricz. Mudakuld. Tartu : Loodus, 1929]","A. K.",Sárarany,romaanid,"Murakin, Ants 1892-1975",ungari,ungari,,,,,12929,,,"Looduse kroonine romaan nr 1","Móricz, Zsigmond 1879-1942",<p>Päevaleht</p>,"3. veebr., nr 33, lk 8",,,52312
Tõlkeraamat,"Täiskasvanute ilukirjandus","Irmgard : hästi põnew romaan",,teadmata,romaanid,"Neumann, Mihkel 1866-1941",teadmata/undetermined,teadmata/undetermined,,,Tallinn,teadmata,19231924,"23 annet (733 lk.)",,,,,,,"Kaanel pealkirja täiendandmed: Ülipõnew romaan; tõlkija M. Neumann. Allikas: Eesti raamatute üldnimestik 1924 nr. 69; 1. andest kaks erinevat trükki",45109
Tõlkeraamat,"Täiskasvanute ilukirjandus","Irmgard : põnevaim kriminaal- ja armastusromaan, mille on kirjutanud elu",,teadmata,romaanid,"Neumann, Mihkel 1866-1941",teadmata/undetermined,teadmata/undetermined,,,Tartu,"Eesti Rahvakirjastus",19391940,"35 annet (560 lk.)","2. tr.",,,,,,"Redigeeritud väljaanne 1923.-1924. a. ilmunud M. Neumanni tõlkest",45110
